ANNEXURE-A 
 
State-wise list of 598 notified districts and 146 non-notified districts under ESI Scheme (As on 30.09.2022) 
 
 
 
States/UTs 
Fully Notified Districts 
Partially Notified Districts 
Non-Notified Districts 
1. 
Andaman 
& 
Nicobar Island 
NIL 
South Andamans (1) 
Nicobar, North & Middle Andaman (2) 
2. 
Andhra 
Pradesh 
Ananthapur, Chittoor, Cuddapah, East 
Godavari, Guntur, Krishna, Prakasam, 
Srikakulam, West Godavari, Kurnool, 
Nellore, Visakhapatnam, Vizianagaram 
(13) 
NIL 
NIL 
3. 
Arunachal 
Pradesh 
Papum Pare (1) 
NIL 
Anjaw, 
Changlang, 
Dibang 
Valley, 
East 
Kameng, East Siang, Kamle, Kra Daadi, Kurung 
Kumey, Lohit, Longding, Lower Dibang Valley, 
Pakke Kessang, Lower Subansiri, Namsai,
Siang, Tawang, Shiyomi, Tirap, Upper Siang, 
Upper Subansiri, West Kameng, West Siang, 
Lepa Rada, Lower Siang (24) 
4. 
Assam 
Bajali, Dibrugarh, Jorhat, Kamrup Rural, 
Sonitpur, Kamrup Metropolitan, Tinsukia, 
Baksa, 
Charaideo, 
Dima 
Hasao, 
Hailakandi, Hojai, Kokrajhar, Barpeta, 
Bishwanath, Chirang, Darrang, Dhemaji, 
Goalpara, Lakhimpur, Majuli, Nalbari, 
Sivasagar, 
Udalguri, 
Bonagaigaon, 
Cachar, Golaghat, Morigaon, Nagaon, 
Dhubri, 
Darbi 
Anglong 
(Bokajan), 
Karimgang, South Salmara-Mankachar, 
West Karbi Anglong (34) 
 
NIL 
NIL 
5. 
Bihar  
Begusarai, Bhagalpur, Bhojpur, Buxar, 
Darbhanga, 
Gaya, 
Katihar, 
Munger, 
Muzaffarpur, Patna, Rohtas, Samastipur, 
Saran, Sitamarhi, Vaishali, Nalanda (16) 
Araria, Arwal, Aurangabad, Banka, East 
Champaran, Gopalganj, Jamui, Jehanabad, 
Kaimur, Khagaria, Kishanganj, Lakhisarai, 
Madhepura, Madhubani, Nawada, Purnia, 
Saharsa, 
Sheikhpura, 
Sheohar, 
Siwan, 
Supaul, West Champaran (22) 
 
NIL 
6. 
Chandigarh 
Chandigarh (1) 
 
NIL 
NIL 
7. 
Chhattisgarh 
Baloda Bazar, Bilaspur, Dhamtari, Durg, 
Gariaband, 
janjgir-Champa, 
Korba, 
Raigarh, Raipur, Rajanandgaon, Gaurela-
Pendra-Marwahi (11) 
 
Balod, Balrampur, Bastar, Bemetara, Bijapur, 
Dantewada, Jashpur, Kabirdham, Kanker, 
Kondagaon, Koriya, Mahasamund, Mungeli, 
Narayanpur, Sukma, Surajpur, Surguja (17) 
NIL 
8. 
Dadra 
and 
Nagar 
Haveli 
and 
Daman 
and diu 
Dadra and Nagar haveli, Daman, Diu (3) 
NIL 
NIL 
9. 
Delhi 
Central Delhi, East Delhi, New Delhi, 
North Delhi, North East Delhi, North West 
Delhi, Shahdara, South Delhi, South East 
Delhi, South West Delhi, West Delhi (11) 
 
NIL 
NIL 
10. Goa 
North Goa, South Goa (2) 
 
NIL 
NIL 
11. Gujarat 
Vadodara (1) 
Ahmedabad, Anand, Bharuch, Bhavnagar, 
Gandhinagar, Jamnagar, Junagadh, Kheda, 
Mehsana, 
Morbi, 
Navsari, 
Panchmahal, 
Porbandar, 
Rajkot, 
Sabarkantha, 
Surat, 
Surendranagar, Valsad (18) 
Amreli, Aravalli 
Banaskantha, Botad 
Chhota Udaipur, Dahod 
Dang, Devbhoomi Dwarka, Gir Somnath, 
Kutch 
Mahisagar, Narmada, Patan, Tapi (14) 
12. Haryana 
Ambala, 
Bhiwani, 
Charkhi 
Dadra, 
Faridabad, Fatehabad, Gurgaon, Hissar, 
Jhajjar, Jind, Kaithal, Karnal, Kurukshetra, 
Mahendragarh, Nun, Palwal, Panchkula, 
Panipat, Rewari, Rohtak, Sirsa, Sonipat, 
Yamuna Nagar (22) 
NIL 
NIL 
 
13. Himachal 
Pradesh 
Bilaspur, Kangra, Mandi, Shimla, Sirmaur, 
Solan, Una (7) 
NIL 
Chamba, Kullu,  
Hamirpur, Lahaul and Spiti, Kinnaur (5) 
14. Jammu 
and 
Kashmir 
Badgam, Jammu, Kathua, Pulwama, 
Reasi, Samba, Srinagar, Udhampur (8) 
Anantnag, 
Bandipora, 
Baramulla, 
Doda, 
Ganderbal, 
Kishtwar, 
Kulgam, 
Kupwara, 
Poonch, Rajouri, Ramban, Shopian (12) 
 
NIL 
 
15. Jharkhand 
Bokaro, 
Deoghar, 
Dhanbad, 
East 
Sighbhum, Giridih, Koderma, Ramgarh, 
Ranchi, Seraikela Kharsawan (09) 
Chatra, Dumka, Garhwa, Godda, Gumla, 
Hazaribag, 
Jamtara, 
Khunti, 
Latehar, 
NIL 
Lohardaga, 
Pakur, 
Palamu, 
Sahibganj, 
Simdega, West Singhbhum (15) 
 
16. Karnataka  
 Bagalkot, Ballari, Belagavi, Bengaluru 
Rural, 
Bengaluru 
Urban, 
Bidar, 
Chamarajnagar, 
hikkaballapur, 
Chitradurga, 
Dakshina 
Kannada, 
Davanagere, Dharwad, Gadag,   Hassan, 
Haveri,  Kalaburagi , Kodagu, Kolar , 
Koppal , Mandya, Mysuru, Raichur, 
Ramanagara, Shivamogga, Tumakuru, 
Udupi, 
Uttara 
Kannada, 
Vijayapura, 
Yadgir, Chikkamagaluru, Vijayanagara 
(31) 
NIL 
NIL 
17. Kerala 
Alappuzha, Ernakulam, Idukki, Kannur,  
Kasaragod, 
Kollam, 
Kottayam, 
Kozhikode, 
Malappuram, 
Palakkad, 
Pathanamthitta, 
Thrissur, 
Thiruvananthapuram, Wayanad (14) 
 
NIL 
NIL 
18.  Ladakh 
NIL 
Kargil, Leh 
NIL 
19. 
 
Madhya 
pradesh 
 
Bhind ,Bhopal, Burhanpur, Dewas, Dhar, 
Gwalior, Hoshangabad , Indore, Jabalpur, 
Katni, Khandwa, Khargone, Mandsaur, 
Morena , Neemuch, Raisen, Ratlam, 
Rewa, Sagar, Satna , Shahdol, Ujjain (22) 
 
Agar Malwa, Alirajpur, Anuppur, Ashok Nagar, 
Balaghat, 
Barwani, 
Betul, 
Chhatarpur, 
Chhindwara, Damoh, Datia, Guna, Harda, 
Jhabua, 
Mandla, 
Narsinghpur, 
Panna, 
Rajgarh, Sehore, Seoni, Shajapur, Sheopur, 
Shivpuri,  Sidhi, Singrauli, Tikamgarh, Umaria, 
Vidisha, Dindori (29) 
 
Niwari (1) 
20. Maharashtra 
Akola, Amravati, Aurangabad, Buldhana, 
Chandrapur, Dhule, Gondia, Jalgaon, 
Kolhapur, 
Nanded, 
Nagpur, 
Nashik, 
Palghar, Pune, Raigad, Sangli, Satara, 
Solapur, Thane, Wardha, Mumbai City, 
Mumbai suburban, Ahmednagar, Jalna, 
Yawatmal (25) 
 
Jalna, 
Latur, 
Osmanabad, 
Parbhani, 
Sindhudurga, Beed, Bhandara(6) 
Gadchiroli, Hingoli, 
Nandurbar, Ratnagiri, 
Washim (5) 
21. Manipur 
NIL 
Imphal East , Imphal West (2) 
Bishnupur, Senapati, 
Churachandpur, Tamenglong, 
Chandel, Thoubal, 
Kamjong, Pherzawal, 
Kangpokpi, Tengnaupal, Ukhrul, 
Noney, Jiribam, Kakching (14) 
22. Meghalaya 
NIL 
Shillong, Ri Bhoi (2) 
East Garo Hills, East Jaintia Hills, North Garo 
Hills, South Garo Hills, South West Garo Hills,
South West Khasi Hills,  West Jaintia Hills, West 
Garo Hills, West Khasi Hills,  
Eastren West Khasi Hills+ (10)  
23. Mizoram  
NIL 
Aizawl  (1) 
Champhai, Kolasib, 
Lawngtlai, Lunglei, Mamit, 
Saiha, Serchhip, 
Hnahthial, Khawzawl, 
Saitual (10) 
24. Nagaland 
NIL 
Dimapur, Mokokchung, Kohima, Chumkedima 
(3) 
Kiphire, Longlenq, Mon, 
Peren,  Phek, Tuensang, 
Wokha, 
Zunheboto,  
Noklak, 
Shamtor+, 
Niuland+, Tseminyu+ (12) 
 
25. Odisha 
Angul, 
Bhadrak, 
Balangir, 
Bargarh 
(Baragarh), 
Balasore, 
Cuttack, 
Dhenkanal, Ganjam, Jharsuguda, Jajpur, 
Jagatsinghpur, 
Khordha, 
Kendujhar 
(Keonjhar), Koraput, Mayurbhanj, Puri, 
Rayagada, 
Sambalpur, 
Subarnapur, 
Sundargarh, Kalahandi (21) 
 
Gajapati, 
Kendrapara, 
Nayagarh, 
Nabarangpur (4) 
Boudh (Bauda) 
Debagarh (Deogarh) 
Kandhamal 
Malkangiri 
Nuapada (5) 
26. Puducherry 
Karaikal, Pondicherry, Mahe, Yanam (4) 
 
 NIL 
NIL 
27. Punjab 
Amritsar, Barnala, Bathinda, Faridkot, 
Fatehgarh Sahib, Fazilka, Gurdaspur,  
Hoshiarpur, 
Jalandhar, 
Kapurthala, 
Ludhiana, Mansa, Moga, Sri Muktsar 
Sahibm,  Pathankot, Patiala, Rupnagar, 
SAS Nagar, Sangrur, SBS Nagar ,Tarn 
Taran (22) 
 
Firozpur (1) 
NIL 
28. Rajasthan 
Ajmer, 
Alwar, 
Bikaner, 
Barmer, 
Banswara, Bharatpur, Baran, Bundi,  
Bhilwara, Churu, Chittorgarh, Dausa, 
Dholpur, 
Dungarpur, 
Ganganagar, 
Hanumangarh, 
 
Jhunjhunu, 
Jalore, 
NIL 
NIL 
Jodhpur, Jaipur, Jaisalmer, Jhalawar, 
Karauli, Kota, Nagaur, Pali, Pratapgarh, 
Rajsamand , Sikar, Sawai Madhopur, 
Sirohi, Tonk, Udaipur (33) 
 
29. Sikkim 
East Sikkim, South Sikkim (2) 
 NIL 
North Sikkim, West Sikkim (2) 
30. 
 
Tamil nadu 
 
Chennai, 
Virudhunagar, 
Tiruvarur, 
Namakkal, Theni, Kanyakumari, Tirupur, 
Tirunelveli, 
Cuddalore, 
Tenkasi, 
Dharmapuri, Ranipet, Erode,  Ariyalur, 
Madurai, 
Vellore, 
Mayiladuthurai, 
Coimbatore, 
Thanjavur, 
Thoothukudi, 
Nagapattinam, 
Sivaganga, 
Ramanathapuram, 
Perambalur, 
Tiruchirapally, Krishnagiri (23) 
 
Dindigul, Kanchipuram, Karur, Nilgiris, Salem, 
Tiruvallur, 
Tiruvannamalai, 
Viluppuram, 
Chengalpattu, Tirupattur, Pudukottai(11) 
 
Kallakurichi (1) 
31. Telengana 
Adilabad, Bhadradri, Hyderabad, Jagitial, 
Jangaon, 
Jayashankar, 
Jogulamba, 
Kamareddy, Karimnagar,  Khammam, 
Komram 
Bheem, 
Mahabubabad, 
Mahbubnagar, 
 
Mancherial, 
Medak, 
Medchal, 
Nagarkurnool, 
Nalgonda,  
Nirmal, Nizamabad, Peddapalli, Rajanna, 
Ranga Reddy, Sangareddy, Siddipet, 
Suryapet, 
Vikarabad, 
 
Wanaparthy, 
Warangal 
(Rural), 
Warangal(Urban), 
Yadadri, Narayanpet, Mulugu (33) 
 
NIL 
NIL 
32. Tripura  
West Tripura, Khowai, South Tripura, 
Unokoti, Dhalai, Gomati, North Tripura, 
Sepahijala (8) 
 
 NIL 
NIL 
33. Uttar Pradesh 
Agra, 
Aligarh, 
Allahabad, 
Amethi, 
Amroha, 
Barabanki, 
Bareilly, 
Bijnor, 
Bulandshahr, 
Chandauli, 
Etawah, 
Farrukhabad, 
Fatehpur, 
Firozabad, 
Gautam 
Buddh 
Nagar, 
Ghaziabad, 
Ghazipur, Gorakhpur, Hapur, Hardoi, 
Hathras, Jhansi, Kanpur Dehat, Kanpur 
Nagar, Lucknow, Mathura, Mau Nath 
Bhanjan, Meerut, Mirzapur, Moradabad, 
Mainpuri (1) 
 
 
Ambedkar Nagar 
Auraiya, Kannauj 
Azamgarh, Kasganj 
Bagpat, Kaushambi 
Bahraich, Kushinagar 
Ballia, Lakhimpur Kheri,  
Balrampur, Lalitpur 
Banda, Maharajganj, 
Basti, Mahoba, 
Muzaffarnagar, 
Raebareli, 
Rampur, 
Saharanpur, Sant Kabir Nagar, Sant 
Ravidas Nagar, Shahjahanpur, Sitapur, 
Sonbhadra, Unnao , Varanasi (41) 
Budaun, Pilibhit, 
Chitrakoot, Pratapgarh,  
Deoria, Sambhal 
Etah, Shamli 
Faizabad, Shravasti, 
Gonda, Siddharthnagar,  
Hamirpur, Sultanpur,  
Jalaun 
Jaunpur (33) 
34. Uttarakhand 
Dehradun, Haridwar, Nainital, Udham 
Singh Nagar, Pauri Garhwal, Tehri 
Garhwal (6) 
NIL 
Almora, Bageshwar 
Chamoli, 
Champawat 
Pithoragarh, 
Rudraprayag, 
Uttarkashi (7)  
35. West bengal 
Bankura, 
East 
Bardhaman, 
West 
Bardhaman, Birbhum, Hooghly, Howrah, 
Jalpaiguri, 
Kolkata, 
Maldah, 
Murshidabad, Nadia, North 24 Parganas, 
Paschim Medinipur, Jhargram, South 24 
Parganas, East Midnapur, Darjeeling, 
Cooch 
Behar, 
Alipurduar, 
Dakshin 
Dinajpur, 
Purulia, 
Uttar 
Dinajpur, 
Kalimpong (23) 
NIL 
NIL 
Total 
Fully Notified Districts - 450 
Partially Notified Districts - 148 
Non-Notified Districts - 146 
 
